name,profilelink,monthlyviews,totalviews,questions,answers,followers
Gabriel-Weinberg,https://www.quora.com/profile/Gabriel-Weinberg,145900000,1100000000,2,97,73389
Sean-Kernan,https://www.quora.com/profile/Sean-Kernan,15800000,237700000,2650,3454,212875
State-Bank-of-India-SBI-1,https://www.quora.com/profile/State-Bank-of-India-SBI-1,7300000,73200000,1,1043,23766
Henry-Ward,https://www.quora.com/profile/Henry-Ward,6500000,23100000,0,21,1326
Franklin-Veaux,https://www.quora.com/profile/Franklin-Veaux,6200000,262600000,15,28197,131105
Jon-Mixon-1,https://www.quora.com/profile/Jon-Mixon-1,5300000,133900000,1439,25478,37381
Nitin-Kumar-400,https://www.quora.com/profile/Nitin-Kumar-400,5100000,7300000,0,1171,414
பாலாஜி-விஸ்வநாதன்-Balaji-Viswanathan,https://www.quora.com/profile/பாலாஜி-விஸ்வநாதன்-Balaji-Viswanathan,4700000,344700000,165,5005,531697
Rizwan-Ali-185,https://www.quora.com/profile/Rizwan-Ali-185,4700000,17000000,27,1115,785
Jaideep-Singh-Gill-3,https://www.quora.com/profile/Jaideep-Singh-Gill-3,4300000,20600000,37,3330,1589
Pablo-Macias-9,https://www.quora.com/profile/Pablo-Macias-9,4099999,28500000,6,49,565
Atom-Giandomenico,https://www.quora.com/profile/Atom-Giandomenico,3700000,7500000,0,333,902
Julia-Reece-2,https://www.quora.com/profile/Julia-Reece-2,3500000,83400000,10,9193,9712
Eileen-Wood-2,https://www.quora.com/profile/Eileen-Wood-2,3500000,26000000,0,17372,2214
Adam-Fayed,https://www.quora.com/profile/Adam-Fayed,3400000,40100000,4,8427,9515
Matthew-Bates-27,https://www.quora.com/profile/Matthew-Bates-27,3300000,110300000,81,6338,73684
Kathryn-Berck-3,https://www.quora.com/profile/Kathryn-Berck-3,3300000,42300000,20,5041,19661
Anubhav-Jain-179,https://www.quora.com/profile/Anubhav-Jain-179,3100000,45800000,0,1891,49004
Charissa-Enget,https://www.quora.com/profile/Charissa-Enget,3100000,31700000,20,623,36688
Abid-Hassan,https://www.quora.com/profile/Abid-Hassan,3100000,9200000,15,107,3365
Ethan-James-22,https://www.quora.com/profile/Ethan-James-22,3000000,26300000,2515,1197,18931
Aditya-941,https://www.quora.com/profile/Aditya-941,3000000,5200000,0,127,1079
Kurt-Guntheroth-1,https://www.quora.com/profile/Kurt-Guntheroth-1,2900000,40600000,9,5715,16819
Roland-Bartetzko,https://www.quora.com/profile/Roland-Bartetzko,2800000,64800000,12,1461,37980
Prakarsh-Gagdani-2,https://www.quora.com/profile/Prakarsh-Gagdani-2,2600000,10500000,4,2041,6413
Hector-Quintanilla,https://www.quora.com/profile/Hector-Quintanilla,2500000,40700000,73,1040,76119
John-Cate-2,https://www.quora.com/profile/John-Cate-2,2400000,61700000,3,8713,23991
Samantha-Kannan,https://www.quora.com/profile/Samantha-Kannan,2400000,39400000,12,1733,47981
शुभम-भट्ट-Shubham-Bhatt,https://www.quora.com/profile/शुभम-भट्ट-Shubham-Bhatt,2400000,10900000,283,484,6451
Ankita-Srivastava-336,https://www.quora.com/profile/Ankita-Srivastava-336,2400000,5600000,1,315,6716
Chloe-Lynn-46,https://www.quora.com/profile/Chloe-Lynn-46,2400000,2400000,0,214,1522
Dima-Vorobiev,https://www.quora.com/profile/Dima-Vorobiev,2300000,53700000,59,3614,30952
LD-Petterson,https://www.quora.com/profile/LD-Petterson,2300000,10500000,1,1421,3312
अवधेश-सिंह-Awdhesh-Singh,https://www.quora.com/profile/अवधेश-सिंह-Awdhesh-Singh,2200000,135300000,277,4897,268734
Asim-Qureshi-17,https://www.quora.com/profile/Asim-Qureshi-17,2200000,78200000,17,827,112525
C-Stuart-Hardwick,https://www.quora.com/profile/C-Stuart-Hardwick,2200000,67900000,17,8831,21133
Fauzan-Fahad,https://www.quora.com/profile/Fauzan-Fahad,2200000,2400000,0,233,186
Dushka-Zapata,https://www.quora.com/profile/Dushka-Zapata,2100000,142700000,38,5594,199570
Muhammad-Aamir-Khokhar,https://www.quora.com/profile/Muhammad-Aamir-Khokhar,2100000,13800000,265,414,7427
Alex-Johnston-39,https://www.quora.com/profile/Alex-Johnston-39,2000000,30600000,44,7230,9459
Mats-Andersson-16,https://www.quora.com/profile/Mats-Andersson-16,2000000,22800000,2,5988,5648
Naman-Chakraborty-1,https://www.quora.com/profile/Naman-Chakraborty-1,2000000,22500000,103,339,77664
Susanna-Viljanen,https://www.quora.com/profile/Susanna-Viljanen,1900000,34800000,2,4087,9997
Mike-Jones-169,https://www.quora.com/profile/Mike-Jones-169,1900000,19000000,83,12389,6267
Alex-Cooper-81,https://www.quora.com/profile/Alex-Cooper-81,1900000,15100000,8,550,21538
Dennis-Manning-9,https://www.quora.com/profile/Dennis-Manning-9,1800000,30900000,4,7084,10598
Shaunak-Bhattacharjee-1,https://www.quora.com/profile/Shaunak-Bhattacharjee-1,1800000,15000000,179,1421,6137
Steven-Haddock,https://www.quora.com/profile/Steven-Haddock,1800000,14300000,2,7323,4037
Namish-Gali-3,https://www.quora.com/profile/Namish-Gali-3,1800000,11400000,36,230,12885
Alex-Walling-1,https://www.quora.com/profile/Alex-Walling-1,1800000,9800000,13,156,247
Pavel-Fekula,https://www.quora.com/profile/Pavel-Fekula,1800000,2100000,0,1469,463
Garrick-Saito,https://www.quora.com/profile/Garrick-Saito,1700000,94800000,5151,24346,46023
Saranya-Ravichandran-8,https://www.quora.com/profile/Saranya-Ravichandran-8,1700000,20000000,29,247,39188
Alexander-Porter-21,https://www.quora.com/profile/Alexander-Porter-21,1700000,18400000,0,174,21346
Deanna-Eppers-1,https://www.quora.com/profile/Deanna-Eppers-1,1700000,13800000,28,1245,1072
Jean-Marie-Valheur,https://www.quora.com/profile/Jean-Marie-Valheur,1700000,1900000,5,259,308
Jian-Hua-Ted-Chen,https://www.quora.com/profile/Jian-Hua-Ted-Chen,1700000,1500000,1,186,70
Robert-Frost-1,https://www.quora.com/profile/Robert-Frost-1,1600000,153000000,28,7408,252359
Dan-Holliday,https://www.quora.com/profile/Dan-Holliday,1600000,137100000,436,15974,109063
Steve-Baker-100,https://www.quora.com/profile/Steve-Baker-100,1600000,36100000,65,14380,12523
Gourav-Vasishat,https://www.quora.com/profile/Gourav-Vasishat,1600000,21600000,28,813,2718
Nicholas-Stone-5,https://www.quora.com/profile/Nicholas-Stone-5,1600000,15600000,26,10312,3306
Richard-Newman-106,https://www.quora.com/profile/Richard-Newman-106,1600000,9900000,0,41,4137
Kumar-Ummareddy,https://www.quora.com/profile/Kumar-Ummareddy,1600000,9000000,0,1149,516
Trey-Brannon-1,https://www.quora.com/profile/Trey-Brannon-1,1600000,7700000,13,1451,980
Tina-Bauer-17,https://www.quora.com/profile/Tina-Bauer-17,1600000,4900000,16,381,3990
Jennifer-Fitzgerald-1,https://www.quora.com/profile/Jennifer-Fitzgerald-1,1600000,4500000,0,23,1142
Mritunjay-Sharma-मृत्युंजय-शर्मा,https://www.quora.com/profile/Mritunjay-Sharma-मृत्युंजय-शर्मा,1600000,2800000,0,177,714
Habib-Fanny,https://www.quora.com/profile/Habib-Fanny,1500000,92500000,670,7322,89058
दीपक-मेहता-Deepak-Mehta,https://www.quora.com/profile/दीपक-मेहता-Deepak-Mehta,1500000,86300000,852,3618,154500
Dave-Consiglio,https://www.quora.com/profile/Dave-Consiglio,1500000,70500000,107,6124,85133
Jon-Davis-10,https://www.quora.com/profile/Jon-Davis-10,1500000,53500000,1448,2982,78020
Murphy-Barrett,https://www.quora.com/profile/Murphy-Barrett,1500000,34300000,136,6855,11826
आदित्य-सिम्हा-Aditya-Simha,https://www.quora.com/profile/आदित्य-सिम्हा-Aditya-Simha,1500000,17400000,458,793,1011
Kevin-Davidson-9,https://www.quora.com/profile/Kevin-Davidson-9,1500000,8800000,462,12689,967
Shubham-Verma-374,https://www.quora.com/profile/Shubham-Verma-374,1500000,2800000,38,219,293
Kelsey-L-Hayes,https://www.quora.com/profile/Kelsey-L-Hayes,1400000,110600000,55,8397,59282
Viktor-T-Toth-1,https://www.quora.com/profile/Viktor-T-Toth-1,1400000,54500000,7,7154,40625
David-Seidman,https://www.quora.com/profile/David-Seidman,1400000,41200000,9,3140,28539
Rajagopalan-K-Suryanarayan,https://www.quora.com/profile/Rajagopalan-K-Suryanarayan,1400000,37400000,9,7481,7757
Elinor-Greenberg,https://www.quora.com/profile/Elinor-Greenberg,1400000,34800000,5,1651,25999
Doug-Armey,https://www.quora.com/profile/Doug-Armey,1400000,34000000,1,927,14148
Angela-Stockton,https://www.quora.com/profile/Angela-Stockton,1400000,32900000,27,11291,4748
Frank-Dauenhauer,https://www.quora.com/profile/Frank-Dauenhauer,1400000,24600000,69,16278,21061
Donald-Tepper,https://www.quora.com/profile/Donald-Tepper,1400000,15700000,15,6755,3803
Flavian-Mwasi,https://www.quora.com/profile/Flavian-Mwasi,1400000,12900000,6,404,13238
Colin-Zhou-6,https://www.quora.com/profile/Colin-Zhou-6,1400000,6300000,237,355,3308
Richard-Muller-3,https://www.quora.com/profile/Richard-Muller-3,1300000,175200000,8,2377,304778
Andrew-Weill,https://www.quora.com/profile/Andrew-Weill,1300000,73400000,30,12269,68096
Joseph-Wang-9,https://www.quora.com/profile/Joseph-Wang-9,1300000,54500000,1,19601,44138
आशीष-डिमरी-Aashish-Kumar-Dimri,https://www.quora.com/profile/आशीष-डिमरी-Aashish-Kumar-Dimri,1300000,17200000,119,2165,2565
Samavedula-Venkata-Rama-Sastry,https://www.quora.com/profile/Samavedula-Venkata-Rama-Sastry,1300000,16200000,44,1260,10088
Akhil-Kintali-1,https://www.quora.com/profile/Akhil-Kintali-1,1300000,15000000,349,908,7180
Alice-Twain,https://www.quora.com/profile/Alice-Twain,1300000,14800000,0,9541,2113
Deepa-Naidu-20,https://www.quora.com/profile/Deepa-Naidu-20,1300000,14200000,0,556,22664
Vishal-Dogra-59,https://www.quora.com/profile/Vishal-Dogra-59,1300000,12900000,17,2403,1327
Rajan-Singh-824,https://www.quora.com/profile/Rajan-Singh-824,1300000,12700000,3,269,72101
Krishna-Suryakanth,https://www.quora.com/profile/Krishna-Suryakanth,1300000,11000000,629,745,9168
Chris-Ebbert,https://www.quora.com/profile/Chris-Ebbert,1300000,10600000,85,3702,2786
Spencer-Alexander-McDaniel,https://www.quora.com/profile/Spencer-Alexander-McDaniel,1300000,10400000,2,1008,7943
R-J-Holland,https://www.quora.com/profile/R-J-Holland,1300000,8000000,1,848,3280
Rafael-Eliassen,https://www.quora.com/profile/Rafael-Eliassen,1300000,7900000,0,405,11410
Gregg-Gray-1,https://www.quora.com/profile/Gregg-Gray-1,1300000,6900000,31,10109,2123
Sandi-Yu-2,https://www.quora.com/profile/Sandi-Yu-2,1300000,6300000,0,38,300
Sachiko-Chia-4,https://www.quora.com/profile/Sachiko-Chia-4,1300000,4500000,21,208,7325
Arsh-Ergon,https://www.quora.com/profile/Arsh-Ergon,1300000,2300000,7,152,544
Tom-Stagliano,https://www.quora.com/profile/Tom-Stagliano,1200000,74200000,154,33694,39242
Paul-Denlinger,https://www.quora.com/profile/Paul-Denlinger,1200000,38500000,6356,7630,63673
Vijaya-Lakshmi-1000,https://www.quora.com/profile/Vijaya-Lakshmi-1000,1200000,33000000,115,1285,93871
Daniel-Wallander,https://www.quora.com/profile/Daniel-Wallander,1200000,23800000,0,9227,932
Bob-Kinch,https://www.quora.com/profile/Bob-Kinch,1200000,16700000,8,2618,3579
Nathan-Stanish,https://www.quora.com/profile/Nathan-Stanish,1200000,13500000,39,1005,4610
Ryan-Phillips-103,https://www.quora.com/profile/Ryan-Phillips-103,1200000,11900000,90,505,5810
Richard-Johnson-821,https://www.quora.com/profile/Richard-Johnson-821,1200000,9500000,0,634,3919
Bill-Chen-140,https://www.quora.com/profile/Bill-Chen-140,1200000,6300000,52,989,2338
Olga-Smirnova-22,https://www.quora.com/profile/Olga-Smirnova-22,1200000,3400000,10,130,888
Julien-Rio,https://www.quora.com/profile/Julien-Rio,1200000,1700000,2,80,84
Gordon-Miller-21,https://www.quora.com/profile/Gordon-Miller-21,1100000,124900000,93,8055,137737
Buster-Ecks,https://www.quora.com/profile/Buster-Ecks,1100000,27000000,19,8890,2132
Christian-Winter,https://www.quora.com/profile/Christian-Winter,1100000,23400000,7,10015,8682
Alex-Papageorge,https://www.quora.com/profile/Alex-Papageorge,1100000,22500000,25,222,26
Gina-Gronta,https://www.quora.com/profile/Gina-Gronta,1100000,14900000,8,1153,4905
Matt-Riggsby,https://www.quora.com/profile/Matt-Riggsby,1100000,12300000,1,9009,3285
Jill-Grant-4,https://www.quora.com/profile/Jill-Grant-4,1100000,10700000,3,18320,1434
Ben-Nelson-140,https://www.quora.com/profile/Ben-Nelson-140,1100000,10000000,11,775,1194
Stephen-Taylor-145,https://www.quora.com/profile/Stephen-Taylor-145,1100000,9900000,23,1233,2771
Chris-OLeary-19,https://www.quora.com/profile/Chris-OLeary-19,1100000,9200000,22,1434,8936
Chris-Hawkes-11,https://www.quora.com/profile/Chris-Hawkes-11,1100000,8900000,47,6733,1706
Alexi-Iemhev,https://www.quora.com/profile/Alexi-Iemhev,1100000,8500000,75,718,1832
Jarred-Dunn,https://www.quora.com/profile/Jarred-Dunn,1100000,7300000,188,359,2545
Ratnamala-Kamath,https://www.quora.com/profile/Ratnamala-Kamath,1100000,6400000,3,852,6171
Steve-Heckman-1,https://www.quora.com/profile/Steve-Heckman-1,1100000,3900000,0,1661,747
Chetna-Khanna-12,https://www.quora.com/profile/Chetna-Khanna-12,1100000,3500000,3,888,3239
Milly-Stuchinski,https://www.quora.com/profile/Milly-Stuchinski,1100000,2700000,55,8759,553
Milan-Parmar-65,https://www.quora.com/profile/Milan-Parmar-65,1100000,2600000,93,254,474
Raj-Gupta-153,https://www.quora.com/profile/Raj-Gupta-153,1100000,2100000,11,134,488
Jai-Carter-11,https://www.quora.com/profile/Jai-Carter-11,1100000,1700000,12,91,310
Michelle-Killmer,https://www.quora.com/profile/Michelle-Killmer,1100000,1100000,0,28,162
Srishti-Kotiyal-2,https://www.quora.com/profile/Srishti-Kotiyal-2,1100000,1100000,0,50,1680
Ernest-W-Adams,https://www.quora.com/profile/Ernest-W-Adams,1000000,155000000,367,24449,77423
Elena-Ledoux,https://www.quora.com/profile/Elena-Ledoux,1000000,65200000,6,5479,41005
Alon-Amit,https://www.quora.com/profile/Alon-Amit,1000000,63200000,53,4887,89078
Garry-Taylor-5,https://www.quora.com/profile/Garry-Taylor-5,1000000,53200000,14,18834,16523
Geoffrey-Widdison,https://www.quora.com/profile/Geoffrey-Widdison,1000000,37900000,36,8550,16000
Dave-Haynie,https://www.quora.com/profile/Dave-Haynie,1000000,29100000,1,4683,7798
Robert-Puckett-3,https://www.quora.com/profile/Robert-Puckett-3,1000000,19200000,24,393,26994
Paul-Adam-13,https://www.quora.com/profile/Paul-Adam-13,1000000,14000000,1,2222,2407
Molly-Carter-2,https://www.quora.com/profile/Molly-Carter-2,1000000,12900000,110,302,14666
Isaac-Heredia-3,https://www.quora.com/profile/Isaac-Heredia-3,1000000,11900000,294,1052,1661
Ankita-Sinha-517,https://www.quora.com/profile/Ankita-Sinha-517,1000000,8600000,3,184,10017
Olisa-Efobi,https://www.quora.com/profile/Olisa-Efobi,1000000,6900000,7,733,1114
William-Mccoy,https://www.quora.com/profile/William-Mccoy,1000000,6300000,2,2609,539
Adarsh-Gupta-295,https://www.quora.com/profile/Adarsh-Gupta-295,1000000,6000000,0,215,10138
R-Eric-Sawyer,https://www.quora.com/profile/R-Eric-Sawyer,1000000,5500000,4,6248,1006
Ron-Bryant-36,https://www.quora.com/profile/Ron-Bryant-36,1000000,5300000,33,158,132
Todd-Skyler-1,https://www.quora.com/profile/Todd-Skyler-1,1000000,5000000,81,719,4328
Shelli-King,https://www.quora.com/profile/Shelli-King,1000000,3100000,9,3532,450
Clanton-Sim,https://www.quora.com/profile/Clanton-Sim,1000000,2700000,37,1667,696
Saad-Niazi-21,https://www.quora.com/profile/Saad-Niazi-21,1000000,2700000,1,224,248
Lydia-Collins-27,https://www.quora.com/profile/Lydia-Collins-27,1000000,1800000,3,41,752
Nika-Vivian,https://www.quora.com/profile/Nika-Vivian,1000000,1300000,156,362,943
Kim-Lo-49,https://www.quora.com/profile/Kim-Lo-49,1000000,1100000,0,213,237
Harun-Resit-Aydin,https://www.quora.com/profile/Harun-Resit-Aydin,999600,13300000,66,1190,9665
Michael-J-McFadden,https://www.quora.com/profile/Michael-J-McFadden,997700,18200000,822,8441,3776
Joshua-Gross-8,https://www.quora.com/profile/Joshua-Gross-8,997700,14200000,15,8376,2893
Ken-Peters-27,https://www.quora.com/profile/Ken-Peters-27,993100,1200000,0,3840,108
Liang-Hai-Sie,https://www.quora.com/profile/Liang-Hai-Sie,992100,76700000,8,28689,18849
Giovanni-Rossi-23,https://www.quora.com/profile/Giovanni-Rossi-23,976100,2800000,546,771,1107
Walid-Shahrour,https://www.quora.com/profile/Walid-Shahrour,973100,1000000,2,96,458
Joseph-T-Copeland,https://www.quora.com/profile/Joseph-T-Copeland,972600,2600000,56,101,4634
Jim-Fisher-132,https://www.quora.com/profile/Jim-Fisher-132,968400,968700,0,18,29
Bryan-Anthony-Reo,https://www.quora.com/profile/Bryan-Anthony-Reo,963400,3300000,68,5641,1131
Guy-D-McCardle-Jr,https://www.quora.com/profile/Guy-D-McCardle-Jr,951600,16700000,1889,1681,4541
Bhuvi-Jain,https://www.quora.com/profile/Bhuvi-Jain,946900,32500000,74,1834,158819
Karen-Marie-Shelton,https://www.quora.com/profile/Karen-Marie-Shelton,946400,18800000,129,2878,7881
Xavier-Ludwig,https://www.quora.com/profile/Xavier-Ludwig,944700,1900000,8,314,1512
Onne-Vegter,https://www.quora.com/profile/Onne-Vegter,943100,4400000,46,529,1613
Natalie-Washington-19,https://www.quora.com/profile/Natalie-Washington-19,942200,4400000,0,27,62
Nuralia-Mazlan,https://www.quora.com/profile/Nuralia-Mazlan,938800,15800000,14,955,9948
Takayuki-Karahashi,https://www.quora.com/profile/Takayuki-Karahashi,936800,1800000,0,534,301
Divyanshu-Patil-2,https://www.quora.com/profile/Divyanshu-Patil-2,928900,1400000,14,43,205
David-McPhee-1,https://www.quora.com/profile/David-McPhee-1,928100,3100000,55,746,2661
Chris-Candee,https://www.quora.com/profile/Chris-Candee,922500,4000000,101,2036,309
প্রত্যয়-ম-অধিকারী-Prottay-M-Adhikari,https://www.quora.com/profile/প্রত্যয়-ম-অধিকারী-Prottay-M-Adhikari,916400,3000000,25,564,2734
Svenja-Iven-1,https://www.quora.com/profile/Svenja-Iven-1,908800,1600000,9,586,830
Marius-Kramer,https://www.quora.com/profile/Marius-Kramer,908000,35300000,10,1474,13355
Ray-Schilling,https://www.quora.com/profile/Ray-Schilling,905500,20700000,6,5627,6002
Michelle-Steele-53,https://www.quora.com/profile/Michelle-Steele-53,902000,7100000,96,1136,4495
Albert-Cornelius-Doyle,https://www.quora.com/profile/Albert-Cornelius-Doyle,899500,5200000,7,3826,673
Dorothy-Sciortino,https://www.quora.com/profile/Dorothy-Sciortino,898400,1000000,5,1717,494
Katy-Mattedi,https://www.quora.com/profile/Katy-Mattedi,893400,1700000,9,83,633
Ron-Rule,https://www.quora.com/profile/Ron-Rule,889200,26100000,14,2416,26468
दीपक-पुर्ती-Deepak-Purti,https://www.quora.com/profile/दीपक-पुर्ती-Deepak-Purti,888300,2700000,351,329,1194
Martin-Turner-57,https://www.quora.com/profile/Martin-Turner-57,887500,1500000,1,1104,317
David-Moe-9,https://www.quora.com/profile/David-Moe-9,884600,13200000,1,2248,1597
Miriam-Zahra,https://www.quora.com/profile/Miriam-Zahra,884000,889700,1,35,848
Michael-Vogel-5,https://www.quora.com/profile/Michael-Vogel-5,882800,36400000,543,13642,11118
Mehul-Anghan-2,https://www.quora.com/profile/Mehul-Anghan-2,882600,1200000,2,284,730
Bruce-Spielbauer,https://www.quora.com/profile/Bruce-Spielbauer,880100,9700000,2,6219,3029
Kelly-La-Rue,https://www.quora.com/profile/Kelly-La-Rue,875700,31100000,6,15286,5250
Lukas-Schwekendiek,https://www.quora.com/profile/Lukas-Schwekendiek,875600,39900000,19,3281,49444
Colin-Riegels,https://www.quora.com/profile/Colin-Riegels,873000,15100000,38,4698,2352
Shannon-Nealey,https://www.quora.com/profile/Shannon-Nealey,867300,3200000,2,202,1436
Aishah-Hannan-1,https://www.quora.com/profile/Aishah-Hannan-1,865300,20900000,113,469,23003
Thomas-Cayne-1,https://www.quora.com/profile/Thomas-Cayne-1,861800,26200000,35,219,7982
Divyansh-Mundra,https://www.quora.com/profile/Divyansh-Mundra,860800,23500000,543,769,57338
Karan-Singh-1902,https://www.quora.com/profile/Karan-Singh-1902,859500,1600000,1,63,226
Sayak-Biswas-12,https://www.quora.com/profile/Sayak-Biswas-12,858900,11000000,29,1690,3270
Cem-Arslan-2,https://www.quora.com/profile/Cem-Arslan-2,856600,16900000,4,1836,8521
कल्पित-वीरवाल-Kalpit-Veerwal,https://www.quora.com/profile/कल्पित-वीरवाल-Kalpit-Veerwal,856500,16399999,40,227,78653
Diane-McDaniel-4,https://www.quora.com/profile/Diane-McDaniel-4,855000,983600,0,11,144
Patricia-Edwards-102,https://www.quora.com/profile/Patricia-Edwards-102,854000,4300000,10,2101,272
Chantelle-Hadden-1,https://www.quora.com/profile/Chantelle-Hadden-1,848900,1600000,0,365,2314
Sushmita-61,https://www.quora.com/profile/Sushmita-61,845500,2400000,2,269,1166
हर्षित-झा-Harshit-Jha,https://www.quora.com/profile/हर्षित-झा-Harshit-Jha,845300,3500000,26,198,1044
Brian-Overland-1,https://www.quora.com/profile/Brian-Overland-1,845000,16600000,133,8870,2454
Andrew-T-Post,https://www.quora.com/profile/Andrew-T-Post,844700,6000000,45,1123,3285
Edward-Tierney-6,https://www.quora.com/profile/Edward-Tierney-6,844000,3600000,13,1897,1099
Ethan-Müller,https://www.quora.com/profile/Ethan-Müller,837800,1500000,101,724,305
David-S-Rose,https://www.quora.com/profile/David-S-Rose,834900,43200000,272,8559,87332
Kennedy-Hill-19,https://www.quora.com/profile/Kennedy-Hill-19,832600,1900000,12,471,157
Mike-Miller-117,https://www.quora.com/profile/Mike-Miller-117,828100,4000000,2,4530,613
Liam-Crowleigh,https://www.quora.com/profile/Liam-Crowleigh,825100,14400000,14,4501,2552
Eric-Sweeten,https://www.quora.com/profile/Eric-Sweeten,824300,1700000,114,1104,144
Claire-Jordan-10,https://www.quora.com/profile/Claire-Jordan-10,822700,56400000,49,16139,17618
Deborah-Barber-7,https://www.quora.com/profile/Deborah-Barber-7,820200,1700000,0,2536,130
Subhasis-Dutta-Roy,https://www.quora.com/profile/Subhasis-Dutta-Roy,816700,2700000,1225,415,2041
Christine-Bryant-John,https://www.quora.com/profile/Christine-Bryant-John,815100,6800000,0,2337,2368
Michael-Ahn-10,https://www.quora.com/profile/Michael-Ahn-10,814600,6200000,116,553,2855
Jennifer-Ellis,https://www.quora.com/profile/Jennifer-Ellis,810500,54200000,10,14211,21591
Yashwant-Palisetty,https://www.quora.com/profile/Yashwant-Palisetty,809300,14700000,190,778,5480
Siddharth-Paratkar,https://www.quora.com/profile/Siddharth-Paratkar,806800,7900000,93,372,4329
Justin-Jones-891,https://www.quora.com/profile/Justin-Jones-891,801300,1200000,2,15,604
Goldie-Medick,https://www.quora.com/profile/Goldie-Medick,800800,1200000,1,57,365
Jaswinder-14,https://www.quora.com/profile/Jaswinder-14,800100,816300,8,79,30
Tim-Dees,https://www.quora.com/profile/Tim-Dees,799800,52600000,16,7538,16917
Anthony-Andranik-Moumjian,https://www.quora.com/profile/Anthony-Andranik-Moumjian,798800,2700000,1680,514,1431
Filipe-M-Cross,https://www.quora.com/profile/Filipe-M-Cross,793600,13300000,198,4864,4042
Alexander-Finnegan,https://www.quora.com/profile/Alexander-Finnegan,791700,8600000,20,3990,4536
Alice-Tsymbarevich,https://www.quora.com/profile/Alice-Tsymbarevich,786400,31400000,84,11448,14432
Becky-Butz,https://www.quora.com/profile/Becky-Butz,785700,15000000,82,572,29627
Michael-Kay-23,https://www.quora.com/profile/Michael-Kay-23,785100,8400000,22,1200,1338
Amanda-Wong-3,https://www.quora.com/profile/Amanda-Wong-3,779600,1900000,7,286,285
Justin-Kan,https://www.quora.com/profile/Justin-Kan,778700,1800000,11,18,3646
Allen-Lobo,https://www.quora.com/profile/Allen-Lobo,778200,18000000,0,588,18350
Paul-Haden,https://www.quora.com/profile/Paul-Haden,772700,1200000,0,876,291
Susan-James-46,https://www.quora.com/profile/Susan-James-46,771100,25600000,4,912,27686
Jean-Willow,https://www.quora.com/profile/Jean-Willow,769600,1700000,134,572,458
C-S-Friedman,https://www.quora.com/profile/C-S-Friedman,768200,16700000,120,10943,11251
Nikki-Primrose,https://www.quora.com/profile/Nikki-Primrose,766700,20900000,64,2049,12410
John-Geare,https://www.quora.com/profile/John-Geare,764900,30700000,33,9745,6379
Sandhya-Tiwari-27,https://www.quora.com/profile/Sandhya-Tiwari-27,761500,4200000,8,461,3223
Kiara-Bay,https://www.quora.com/profile/Kiara-Bay,760700,12200000,4,400,13309
Lisa-Raymond-1,https://www.quora.com/profile/Lisa-Raymond-1,759700,4600000,115,1990,1166
Ishita-Kumar-33,https://www.quora.com/profile/Ishita-Kumar-33,752300,16600000,1,647,8614
Michal-Bernolak,https://www.quora.com/profile/Michal-Bernolak,749400,1900000,4,127,793
Bryan-Mak-Dewei,https://www.quora.com/profile/Bryan-Mak-Dewei,748700,7000000,22,1512,1969
Scott-McNulty-1,https://www.quora.com/profile/Scott-McNulty-1,747800,3700000,1,3100,520
Doug-Schwan,https://www.quora.com/profile/Doug-Schwan,741000,6300000,1,1805,581
Feifei-Wang-6,https://www.quora.com/profile/Feifei-Wang-6,738800,51800000,476,6181,76637
Sindhu-Satish,https://www.quora.com/profile/Sindhu-Satish,738200,45900000,30,1644,29761
Neman-Ashraf,https://www.quora.com/profile/Neman-Ashraf,736400,21200000,12,369,66688
Osa-De-Cunha,https://www.quora.com/profile/Osa-De-Cunha,736400,1000000,1,77,628
Charles-Harris-56,https://www.quora.com/profile/Charles-Harris-56,735500,2100000,15,615,184
Jay-Bazzinotti,https://www.quora.com/profile/Jay-Bazzinotti,734200,90700000,73,10149,45753
Stephanie-Vardavas,https://www.quora.com/profile/Stephanie-Vardavas,732300,69100000,2541,24632,53582
Daniel-Kaplan,https://www.quora.com/profile/Daniel-Kaplan,731800,20900000,1325,5984,10930
Anime-Motivation,https://www.quora.com/profile/Anime-Motivation,730900,11400000,28,2109,3242
Ian-Williams-93,https://www.quora.com/profile/Ian-Williams-93,729700,5900000,9,1211,3640
James-Flack-9,https://www.quora.com/profile/James-Flack-9,727100,6800000,34,8678,937
Martin-Levine-8,https://www.quora.com/profile/Martin-Levine-8,726800,5000000,2,872,3630
Rj-Singh-63,https://www.quora.com/profile/Rj-Singh-63,725800,846500,1,119,172
Kepha-Stone,https://www.quora.com/profile/Kepha-Stone,725500,5300000,2,411,1212
Robert-Charles-Lee,https://www.quora.com/profile/Robert-Charles-Lee,723500,53300000,15,28406,9991
Philip-Lloyd-2,https://www.quora.com/profile/Philip-Lloyd-2,723100,7300000,16,2427,2538
Rami-Sivan,https://www.quora.com/profile/Rami-Sivan,722400,13800000,29,1811,33296
Carol-Bumpass,https://www.quora.com/profile/Carol-Bumpass,721600,813800,0,257,53
Barun-Mohanty-1,https://www.quora.com/profile/Barun-Mohanty-1,720000,14000000,10,175,55589
Phillip-Remaker,https://www.quora.com/profile/Phillip-Remaker,718000,42300000,324,8692,19382
Bryan-Jamieson-4,https://www.quora.com/profile/Bryan-Jamieson-4,717400,2800000,6,691,663
Gill-Bullen,https://www.quora.com/profile/Gill-Bullen,716400,19600000,51,8290,5249
Charles-Neilsen-2,https://www.quora.com/profile/Charles-Neilsen-2,716100,5400000,100,5077,950
Leon-Brennan-2,https://www.quora.com/profile/Leon-Brennan-2,713800,5800000,430,563,11270
Tom-Davis-354,https://www.quora.com/profile/Tom-Davis-354,713500,3000000,0,824,226
Bengt-Lindvall,https://www.quora.com/profile/Bengt-Lindvall,710100,12400000,2,10445,4706
Tamoghna-Ghosh-23,https://www.quora.com/profile/Tamoghna-Ghosh-23,709600,2400000,9,159,9097
Kale-Hyder-1,https://www.quora.com/profile/Kale-Hyder-1,708100,7900000,116,435,11859
Soham-Mehta-1,https://www.quora.com/profile/Soham-Mehta-1,704600,7100000,7,187,6668
Jerry-Tan-35,https://www.quora.com/profile/Jerry-Tan-35,702900,1600000,1194,464,250
Gopalkrishna-Vishwanath,https://www.quora.com/profile/Gopalkrishna-Vishwanath,702000,66200000,1108,7967,178157
Ron-Wagner-2,https://www.quora.com/profile/Ron-Wagner-2,701000,32000000,25,1358,14567
Randy-Topechka,https://www.quora.com/profile/Randy-Topechka,697700,1900000,70,309,139
Krister-Sundelin,https://www.quora.com/profile/Krister-Sundelin,695200,14500000,10,8862,4406
Hailey-Harber,https://www.quora.com/profile/Hailey-Harber,692200,1200000,0,31,1131
Hitesh-Lav,https://www.quora.com/profile/Hitesh-Lav,690600,1600000,5,531,1816
Erwin-Anciano-1,https://www.quora.com/profile/Erwin-Anciano-1,688700,9800000,36,3168,2285
Mike-King-51,https://www.quora.com/profile/Mike-King-51,686700,23000000,252,16536,11053
Amy-Chai-3,https://www.quora.com/profile/Amy-Chai-3,684300,9500000,7,2815,5515
Sean-S-11,https://www.quora.com/profile/Sean-S-11,682300,12300000,0,7841,2033
Ken-Saladin,https://www.quora.com/profile/Ken-Saladin,681200,11000000,52,10626,3510
Austin-Shong,https://www.quora.com/profile/Austin-Shong,680800,917900,26,38,27
Joe-Shelton-6,https://www.quora.com/profile/Joe-Shelton-6,680500,23900000,10,5893,3316
Vougar-Souleimanov,https://www.quora.com/profile/Vougar-Souleimanov,680000,680000,13,39,249
Aisha-Hashmi-3,https://www.quora.com/profile/Aisha-Hashmi-3,679300,682600,8,136,138
Steven-Caddens,https://www.quora.com/profile/Steven-Caddens,678600,993300,33,960,335
Prasanna-Bhalerao,https://www.quora.com/profile/Prasanna-Bhalerao,677700,4500000,4,3878,902
Luisa-Fanzani,https://www.quora.com/profile/Luisa-Fanzani,677400,2800000,1,1125,1354
Kent-Aldershof,https://www.quora.com/profile/Kent-Aldershof,676500,13400000,16,6389,3623
Brian-Sanchez-16,https://www.quora.com/profile/Brian-Sanchez-16,676400,7600000,1,138,77
Shobha-Pai-15,https://www.quora.com/profile/Shobha-Pai-15,673300,2400000,37,2806,1012
Susan-Campbell-173,https://www.quora.com/profile/Susan-Campbell-173,673300,2300000,108,1018,467
Kunal-Bansal-Chandigarh-3,https://www.quora.com/profile/Kunal-Bansal-Chandigarh-3,671800,824500,0,102,68
Gerry-Uswak,https://www.quora.com/profile/Gerry-Uswak,671300,12000000,5,12109,1752
Sean-Lana,https://www.quora.com/profile/Sean-Lana,671000,6700000,33,544,4006
Ch-Lavanya-19,https://www.quora.com/profile/Ch-Lavanya-19,668900,3800000,20,681,2594
Angela-Nelson-142,https://www.quora.com/profile/Angela-Nelson-142,668100,4099999,8,2913,2116
Scarlett-P-Bassett,https://www.quora.com/profile/Scarlett-P-Bassett,667100,2400000,381,522,350
Meagan-Ireland-1,https://www.quora.com/profile/Meagan-Ireland-1,666500,3500000,8,1213,1556
Chris-Coleman-37,https://www.quora.com/profile/Chris-Coleman-37,664300,9900000,2,4055,1298
Ben-Wright-295,https://www.quora.com/profile/Ben-Wright-295,664100,5300000,1,42,160
Ben-Podgursky,https://www.quora.com/profile/Ben-Podgursky,663800,669300,0,91,437
Timea-Spendley,https://www.quora.com/profile/Timea-Spendley,662000,1400000,1,446,225
Alcatraz-Dey,https://www.quora.com/profile/Alcatraz-Dey,661500,46500000,66,1359,88964
Thierry-Etienne-Joseph-Rotty-2,https://www.quora.com/profile/Thierry-Etienne-Joseph-Rotty-2,660000,3300000,1,980,1221
Rui-Silva-85,https://www.quora.com/profile/Rui-Silva-85,657800,10800000,93,5753,942
MaryBeth-Lizek,https://www.quora.com/profile/MaryBeth-Lizek,656500,823600,0,1430,34
Arokiya-Monica-1,https://www.quora.com/profile/Arokiya-Monica-1,655800,6200000,3,216,5729
Stan-Hanks,https://www.quora.com/profile/Stan-Hanks,654100,35700000,60,6266,26656
Moleed-Mire,https://www.quora.com/profile/Moleed-Mire,653300,2000000,1,165,159
Bart-Loews,https://www.quora.com/profile/Bart-Loews,653000,28800000,96,10728,7625
Aitijya-Sarkar,https://www.quora.com/profile/Aitijya-Sarkar,651100,7400000,5,226,15638
Brian-David-Parry,https://www.quora.com/profile/Brian-David-Parry,650500,4099999,29,929,2397
Ramadevi-Gidugu,https://www.quora.com/profile/Ramadevi-Gidugu,650400,4900000,4,1190,2439
Amandeep-87,https://www.quora.com/profile/Amandeep-87,649300,1800000,2,1975,1030
Robert-Bonwell-Parker,https://www.quora.com/profile/Robert-Bonwell-Parker,645300,6300000,17,2609,2016
Brandyn-Keller,https://www.quora.com/profile/Brandyn-Keller,644300,2700000,0,321,843
Bill-Otto-5,https://www.quora.com/profile/Bill-Otto-5,642600,8300000,11,3669,3646
Anusuya-Sundaram,https://www.quora.com/profile/Anusuya-Sundaram,638700,2700000,2,515,1657
Scott-Hanson-5,https://www.quora.com/profile/Scott-Hanson-5,636000,7000000,0,2598,1406
Max-Searle,https://www.quora.com/profile/Max-Searle,635600,5000000,25,101,8130
Elizabeth-Reed-37,https://www.quora.com/profile/Elizabeth-Reed-37,635500,1200000,28,316,43
Alec-Cawley,https://www.quora.com/profile/Alec-Cawley,635400,29500000,52,31455,10809
Joseph-Reinemann,https://www.quora.com/profile/Joseph-Reinemann,635400,12700000,8,9277,2073
Terry-Lambert,https://www.quora.com/profile/Terry-Lambert,635200,29100000,17,10150,10387
Mark-Young-473,https://www.quora.com/profile/Mark-Young-473,635200,1000000,0,430,244
Mas-Miwa,https://www.quora.com/profile/Mas-Miwa,635100,7200000,2,10826,1429
George-Sawyer-1,https://www.quora.com/profile/George-Sawyer-1,634000,25500000,50,9960,6413
Thomas-B-Walsh,https://www.quora.com/profile/Thomas-B-Walsh,630300,12300000,9,6124,2358
Elle-Hayes-2,https://www.quora.com/profile/Elle-Hayes-2,629400,9900000,71,13496,3102
Stefan-Gebhardt-2,https://www.quora.com/profile/Stefan-Gebhardt-2,629200,4900000,228,5858,443
Vicky-Prest,https://www.quora.com/profile/Vicky-Prest,629100,29200000,147,3374,33628
Susan-Knight-26,https://www.quora.com/profile/Susan-Knight-26,628400,1000000,10,744,246
Kathleen-Pennell-1,https://www.quora.com/profile/Kathleen-Pennell-1,627800,7400000,495,1380,1600
David-Force-10,https://www.quora.com/profile/David-Force-10,626300,1300000,0,589,448
Franz-Rivoira,https://www.quora.com/profile/Franz-Rivoira,626100,8800000,20,1333,4988
Nicos-Hadjicostis,https://www.quora.com/profile/Nicos-Hadjicostis,624300,1000000,3,23,368
Micah-Wilson-51,https://www.quora.com/profile/Micah-Wilson-51,622200,1100000,2,1327,140
Michael-Barnard-14,https://www.quora.com/profile/Michael-Barnard-14,621700,17100000,145,7842,17513
Sajid-Khan-1089,https://www.quora.com/profile/Sajid-Khan-1089,620100,3500000,16,175,1042
Mike-DiGirolamo,https://www.quora.com/profile/Mike-DiGirolamo,614900,25900000,87,8180,9080
Aaron-Brown-165,https://www.quora.com/profile/Aaron-Brown-165,613800,13700000,0,8104,7946
Chuck-Rogers-1,https://www.quora.com/profile/Chuck-Rogers-1,613500,29400000,2,16259,2762
Tom-Martin-160,https://www.quora.com/profile/Tom-Martin-160,612700,24300000,84,7846,2395
Farimah-Fiddy,https://www.quora.com/profile/Farimah-Fiddy,612400,15100000,30,487,9984
Brian-Collins-56,https://www.quora.com/profile/Brian-Collins-56,610400,24300000,124,9486,4546
Marty-Fouts-2,https://www.quora.com/profile/Marty-Fouts-2,609400,2200000,12,783,1276
Daniel-Aguilar-219,https://www.quora.com/profile/Daniel-Aguilar-219,608500,991100,36,136,512
Martyn-Amey,https://www.quora.com/profile/Martyn-Amey,607900,1700000,0,42,55
Wairia-Maina,https://www.quora.com/profile/Wairia-Maina,607600,5600000,15,166,1400
Mark-Harrison-2,https://www.quora.com/profile/Mark-Harrison-2,606700,35500000,305,12316,18613
Colleen-Farrelly-1,https://www.quora.com/profile/Colleen-Farrelly-1,606100,19500000,24,11992,10002
Vinu-K-12,https://www.quora.com/profile/Vinu-K-12,606000,3400000,10,165,5940
Gigi-Moran-2,https://www.quora.com/profile/Gigi-Moran-2,605900,556600,10,234,466
Christopher-Richards-10,https://www.quora.com/profile/Christopher-Richards-10,605200,9700000,176,6928,974
Bob-Collins-MD,https://www.quora.com/profile/Bob-Collins-MD,602100,699900,0,263,74
Mindy-Lou-Johnston,https://www.quora.com/profile/Mindy-Lou-Johnston,600500,2200000,1,260,1794
Håkon-Hapnes-Strand,https://www.quora.com/profile/Håkon-Hapnes-Strand,600000,30000000,19,3481,32229
Rahul-Shrivastava-126,https://www.quora.com/profile/Rahul-Shrivastava-126,599200,32299999,0,480,179127
Helena-Schrader-1,https://www.quora.com/profile/Helena-Schrader-1,598900,5100000,2,458,7143
Brett-Fox-8,https://www.quora.com/profile/Brett-Fox-8,598800,29400000,0,3037,14681
Lee-Miller-244,https://www.quora.com/profile/Lee-Miller-244,597400,1600000,5,631,788
Lee-Thé,https://www.quora.com/profile/Lee-Thé,597100,18600000,56,5291,4548
Barry-Goldberg-1,https://www.quora.com/profile/Barry-Goldberg-1,596300,5200000,89,5676,2199
Dan-Rosenberg-8,https://www.quora.com/profile/Dan-Rosenberg-8,594500,3800000,78,2785,765
Jim-Christmas-1,https://www.quora.com/profile/Jim-Christmas-1,594400,13600000,77,774,6745
Aled-Jenkins-3,https://www.quora.com/profile/Aled-Jenkins-3,593300,598900,0,59,538
Brian-Coughlan-1,https://www.quora.com/profile/Brian-Coughlan-1,592600,2300000,15,1298,1246
Carlet-Langford,https://www.quora.com/profile/Carlet-Langford,591600,21400000,8,5328,10270
Matthew-Bohrer,https://www.quora.com/profile/Matthew-Bohrer,590700,9000000,7,5101,2802
Chier-Hu,https://www.quora.com/profile/Chier-Hu,588900,2000000,143,108,2508
Kit-Ramirez-3,https://www.quora.com/profile/Kit-Ramirez-3,588100,595600,0,56,30
Alan-Koenigsberg-1,https://www.quora.com/profile/Alan-Koenigsberg-1,587400,6700000,2,6595,3423
Devona-Dockery,https://www.quora.com/profile/Devona-Dockery,586900,1100000,6,2543,86
Madison-Starr-17,https://www.quora.com/profile/Madison-Starr-17,586400,690400,16,306,302
Tyler-Bishop-16,https://www.quora.com/profile/Tyler-Bishop-16,585000,3600000,0,215,565
Alexis-Lara-43,https://www.quora.com/profile/Alexis-Lara-43,582700,691400,0,11,118
Joe-Nagy-13,https://www.quora.com/profile/Joe-Nagy-13,582100,10900000,16,2200,3597
Ashok-Dhamija,https://www.quora.com/profile/Ashok-Dhamija,581700,23000000,0,546,103649
Alan-Mellor,https://www.quora.com/profile/Alan-Mellor,581200,19700000,6,7198,8944
Usha-Rani-136,https://www.quora.com/profile/Usha-Rani-136,581000,1400000,6,80,2212
Akiro-Laxus,https://www.quora.com/profile/Akiro-Laxus,580700,1700000,6,379,220
Noah-Lobell,https://www.quora.com/profile/Noah-Lobell,578900,1800000,3,40,1284
Tom-Ewall,https://www.quora.com/profile/Tom-Ewall,578200,8500000,0,5294,2236
Mo-Nastri,https://www.quora.com/profile/Mo-Nastri,577700,3600000,242,326,16838
Darian-Caplinger,https://www.quora.com/profile/Darian-Caplinger,577100,1600000,10,2714,523
Veronique-Helmridge-Marsillian,https://www.quora.com/profile/Veronique-Helmridge-Marsillian,575600,2300000,21,186,811
Srinivas-Kattimani-1,https://www.quora.com/profile/Srinivas-Kattimani-1,575500,4800000,0,217,2721
Mark-Jones-400,https://www.quora.com/profile/Mark-Jones-400,574500,11100000,81,1248,8337
Todd-Gardiner,https://www.quora.com/profile/Todd-Gardiner,574400,35200000,445,34004,13163
Maureen-Boehm-1,https://www.quora.com/profile/Maureen-Boehm-1,573200,4800000,0,192,4611
Divyendra-Patil-1,https://www.quora.com/profile/Divyendra-Patil-1,571900,5100000,2,298,3268
Serge-Elia,https://www.quora.com/profile/Serge-Elia,568300,7600000,184,860,1646
Athena-Walker,https://www.quora.com/profile/Athena-Walker,567500,37200000,8,8052,25989
Wansai-Ounkeo,https://www.quora.com/profile/Wansai-Ounkeo,567400,15800000,3,5057,7747
Alex-Foster-137,https://www.quora.com/profile/Alex-Foster-137,566200,6700000,41,292,2209
Matt-Pickering-3,https://www.quora.com/profile/Matt-Pickering-3,564500,24800000,22,8616,5581
Tyrek-Ray,https://www.quora.com/profile/Tyrek-Ray,563700,873100,2,46,58
Beth-Goldowitz,https://www.quora.com/profile/Beth-Goldowitz,562800,26000000,23,14425,4272
Asher-Yeung,https://www.quora.com/profile/Asher-Yeung,562500,1200000,11,152,633
Ekemezie-Okechukwu,https://www.quora.com/profile/Ekemezie-Okechukwu,561800,10700000,33,1289,2730
Bala-Senthil-Kumar,https://www.quora.com/profile/Bala-Senthil-Kumar,558400,32100000,67,9151,41451
Samantha-Ackerman-5,https://www.quora.com/profile/Samantha-Ackerman-5,556000,2400000,2,89,2191
Aatash-Shah,https://www.quora.com/profile/Aatash-Shah,555900,4000000,0,62,431
Dinesh-Jain-477,https://www.quora.com/profile/Dinesh-Jain-477,555400,4400000,20,605,1024
Jamie-Wang-45,https://www.quora.com/profile/Jamie-Wang-45,555300,2300000,1,413,1224
நாகராஜன்-ஸ்ரீனிவாஸ்-Nagarajan-Srinivas,https://www.quora.com/profile/நாகராஜன்-ஸ்ரீனிவாஸ்-Nagarajan-Srinivas,553300,20700000,167,4087,37934
Sid-Kemp,https://www.quora.com/profile/Sid-Kemp,553300,11500000,33,6255,2703
John-Chesire,https://www.quora.com/profile/John-Chesire,552100,27700000,32,3412,10852
Bhuvana-Rameshwar,https://www.quora.com/profile/Bhuvana-Rameshwar,551100,9500000,0,4618,3230
Kenny-Nguyen-44,https://www.quora.com/profile/Kenny-Nguyen-44,549700,7200000,50,341,882
Graham-Short-4,https://www.quora.com/profile/Graham-Short-4,549300,3400000,9,1862,459
Al-Nelson,https://www.quora.com/profile/Al-Nelson,549000,12500000,374,7252,9540
Susan-Long-34,https://www.quora.com/profile/Susan-Long-34,548900,1500000,0,1731,140
Sallie-Smythe,https://www.quora.com/profile/Sallie-Smythe,548200,10200000,3,934,1755
Kelly-Kinkade-1,https://www.quora.com/profile/Kelly-Kinkade-1,547900,51500000,26,8030,15351
Arunoday-Bajpai,https://www.quora.com/profile/Arunoday-Bajpai,547800,1100000,0,772,119
Teja-Cooper,https://www.quora.com/profile/Teja-Cooper,546200,1700000,1,134,208
Luc-Boulesteix,https://www.quora.com/profile/Luc-Boulesteix,545300,3200000,109,1979,571
Tushar-Verma-21,https://www.quora.com/profile/Tushar-Verma-21,543900,5700000,5,71,6011
Anthony-Zarrella,https://www.quora.com/profile/Anthony-Zarrella,543200,12300000,6,2544,10973
Charles-Cole-75,https://www.quora.com/profile/Charles-Cole-75,541000,567900,0,151,24
Andrew-Ferebee,https://www.quora.com/profile/Andrew-Ferebee,540900,29900000,35,725,61931
Felix-Josemon,https://www.quora.com/profile/Felix-Josemon,540400,907800,9,96,192
Marc-Lawrence-23,https://www.quora.com/profile/Marc-Lawrence-23,540100,1200000,98,465,122
Ange-Dimos,https://www.quora.com/profile/Ange-Dimos,538900,1200000,0,201,707
Ben-Harris-200,https://www.quora.com/profile/Ben-Harris-200,538600,696200,18,31,27
Bruno-Campello-de-Souza,https://www.quora.com/profile/Bruno-Campello-de-Souza,538500,2900000,4,1128,1129
Phillips-Vane,https://www.quora.com/profile/Phillips-Vane,535400,544300,0,14,408
Rakshith-Akira,https://www.quora.com/profile/Rakshith-Akira,534000,12300000,1,336,31249
Davi-Lopes-4,https://www.quora.com/profile/Davi-Lopes-4,533100,7800000,0,2818,855
Prashant-Tiwari-159,https://www.quora.com/profile/Prashant-Tiwari-159,532300,4500000,6,240,1655
Nancy-Malar,https://www.quora.com/profile/Nancy-Malar,531900,5100000,14,522,2778
Alex-Denethorn,https://www.quora.com/profile/Alex-Denethorn,531000,10600000,0,2935,4687
Waheda-Islam,https://www.quora.com/profile/Waheda-Islam,529600,1300000,1,161,1017
George-Bowman-9,https://www.quora.com/profile/George-Bowman-9,529100,3800000,1,829,537
Ross-Ledehrman,https://www.quora.com/profile/Ross-Ledehrman,528500,18400000,11,2445,8888
Peter-Flom,https://www.quora.com/profile/Peter-Flom,527800,87800000,859,22495,74783
Lissa-Bryan,https://www.quora.com/profile/Lissa-Bryan,527300,9000000,0,736,3806
Jennifer-Levitt-1,https://www.quora.com/profile/Jennifer-Levitt-1,527300,1100000,0,677,95
Peter-Hand-4,https://www.quora.com/profile/Peter-Hand-4,527200,19200000,9,7525,3070
Brandon-Kora,https://www.quora.com/profile/Brandon-Kora,526900,1700000,10,830,116
Claire-J-Vannette,https://www.quora.com/profile/Claire-J-Vannette,526000,43600000,340,9564,35581
Phil-Seely,https://www.quora.com/profile/Phil-Seely,525800,574200,1,152,185
Martin-Bayer-3,https://www.quora.com/profile/Martin-Bayer-3,525500,23700000,17,5227,2495
Carla-R-Johnson,https://www.quora.com/profile/Carla-R-Johnson,524900,1000000,0,177,393
Trausti-Thor-Johannsson,https://www.quora.com/profile/Trausti-Thor-Johannsson,524400,15000000,1,6023,3761
Paul-Rainn,https://www.quora.com/profile/Paul-Rainn,524200,4300000,0,709,984
Richard-Martini-1,https://www.quora.com/profile/Richard-Martini-1,523799,5400000,2,2612,4025
Shovan-Chowdhury,https://www.quora.com/profile/Shovan-Chowdhury,523400,25400000,7,464,63668
Shefali-Naidu,https://www.quora.com/profile/Shefali-Naidu,520900,39100000,5,751,79030
Amy-Smith-1572,https://www.quora.com/profile/Amy-Smith-1572,518299,3600000,17,105,4777
Valeri-Leaver,https://www.quora.com/profile/Valeri-Leaver,516900,794100,0,1797,81
Yingzi-Li-7,https://www.quora.com/profile/Yingzi-Li-7,515900,3000000,3,1683,292
நவீன்-நீஷ்-Navin-Niish,https://www.quora.com/profile/நவீன்-நீஷ்-Navin-Niish,515400,4000000,300,450,2136
AiR-Institute-of-Realization,https://www.quora.com/profile/AiR-Institute-of-Realization,515299,1800000,2,1041,157
Kevin-Corbett-1,https://www.quora.com/profile/Kevin-Corbett-1,514400,618900,8,38,182
Alizeh-Iftikhar,https://www.quora.com/profile/Alizeh-Iftikhar,514000,1600000,7,128,984
Adam-Reisman,https://www.quora.com/profile/Adam-Reisman,512799,2800000,708,5697,731
Leila-Thomas-11,https://www.quora.com/profile/Leila-Thomas-11,512500,1400000,32,404,572
Anton-Taiki,https://www.quora.com/profile/Anton-Taiki,512299,6500000,4,1570,834
Ludwig-Rosiclair,https://www.quora.com/profile/Ludwig-Rosiclair,512100,2700000,23,158,1765
Agam-Jain-19,https://www.quora.com/profile/Agam-Jain-19,511800,12800000,6,365,102465
Al-Nolf,https://www.quora.com/profile/Al-Nolf,510700,10900000,0,5251,3433
Jayson-Van-Chelf,https://www.quora.com/profile/Jayson-Van-Chelf,510300,1600000,5,351,1492
Elizabeth-Nigg-1,https://www.quora.com/profile/Elizabeth-Nigg-1,507900,1400000,5,180,289
Chrys-Jordan,https://www.quora.com/profile/Chrys-Jordan,506800,22800000,95,11276,9382
Jae-Alexis-Lee,https://www.quora.com/profile/Jae-Alexis-Lee,506600,27400000,37,4640,14206
Hitanshu-Pandey,https://www.quora.com/profile/Hitanshu-Pandey,506600,917800,0,144,60
Marcy-Stehling,https://www.quora.com/profile/Marcy-Stehling,506100,565500,0,61,178
Sarah-Madden-11,https://www.quora.com/profile/Sarah-Madden-11,505400,7200000,10,3497,4099
James-Altucher,https://www.quora.com/profile/James-Altucher,504600,94100000,321,955,251820
Scott-Kirwin,https://www.quora.com/profile/Scott-Kirwin,504600,3400000,26,3428,788
Ridzwan-Abdul-Rahman,https://www.quora.com/profile/Ridzwan-Abdul-Rahman,503600,1000000,4,1254,411
Jason-M.-Lemkin,https://www.quora.com/profile/Jason-M.-Lemkin,503200,52400000,85,3200,45198
Alisha-Sedelnick,https://www.quora.com/profile/Alisha-Sedelnick,502500,511200,0,174,171
अविनाश-देशमुख-Avinash-Deshmukh,https://www.quora.com/profile/अविनाश-देशमुख-Avinash-Deshmukh,502200,8199999,34,1118,6810
Amy-Christa-Ernano,https://www.quora.com/profile/Amy-Christa-Ernano,502100,11700000,22,1888,3416
Antonio-Baldascini,https://www.quora.com/profile/Antonio-Baldascini,501700,2600000,251,316,713
Jeff-Pinner,https://www.quora.com/profile/Jeff-Pinner,501600,1900000,44,2362,589